{"accuracy": [0.5933281183242798, 0.8550110459327698], "loss": [1.393387794494629, 0.4584663510322571], "val_accuracy": [0.8329728841781616, 0.8936375975608826], "val_loss": [0.5394772291183472, 0.3260430097579956]}